departureTimes,arrivalTimes
20-May-2023 15:31:10,20-May-2023 20:08:50
27-Feb-2023 13:25:41,27-Feb-2023 18:52:01
22-Aug-2023 15:30:06,22-Aug-2023 19:27:03
14-Jan-2023 23:32:07,15-Jan-2023 04:53:15
25-Jan-2023 07:59:48,25-Jan-2023 12:57:24
16-Jul-2023 04:34:52,16-Jul-2023 08:31:23
01-Dec-2023 05:52:42,01-Dec-2023 10:21:15
02-Mar-2023 16:24:19,02-Mar-2023 21:11:46
15-Feb-2023 08:35:25,15-Feb-2023 11:48:35
05-Jan-2023 23:38:10,06-Jan-2023 03:35:54
05-Oct-2023 15:29:42,05-Oct-2023 18:05:21
21-Sep-2023 01:58:50,21-Sep-2023 06:28:20
08-Nov-2023 00:22:52,08-Nov-2023 02:52:20
01-Apr-2023 23:37:30,02-Apr-2023 04:09:37
12-Aug-2023 19:46:09,12-Aug-2023 22:51:25
18-Jan-2023 16:40:07,18-Jan-2023 20:48:18
11-Feb-2023 01:22:25,11-Feb-2023 05:25:21
07-May-2023 17:24:58,07-May-2023 22:14:30
21-Jun-2023 18:56:55,21-Jun-2023 23:42:22
29-Jan-2023 22:47:30,30-Jan-2023 03:40:09
06-Sep-2023 06:12:31,06-Sep-2023 10:07:37
11-Jul-2023 04:54:35,11-Jul-2023 08:26:58
07-Jul-2023 18:36:38,07-Jul-2023 22:53:09
09-Dec-2023 07:14:51,09-Dec-2023 12:34:15
17-Feb-2023 22:46:13,18-Feb-2023 04:16:56
25-Aug-2023 21:13:33,26-Aug-2023 01:46:01
05-Nov-2023 09:01:33,05-Nov-2023 13:12:02
06-May-2023 21:48:48,07-May-2023 02:03:23
25-Jan-2023 19:20:38,25-Jan-2023 22:19:10
05-Jan-2023 04:17:35,05-Jan-2023 07:11:31
03-Jan-2023 11:19:05,03-Jan-2023 15:45:22
17-Apr-2023 11:03:34,17-Apr-2023 15:32:11
21-Mar-2023 05:29:53,21-Mar-2023 10:06:03
20-Apr-2023 21:24:57,21-Apr-2023 00:03:48
05-Aug-2023 17:23:27,05-Aug-2023 20:02:16
25-Jul-2023 04:25:18,25-Jul-2023 08:53:17
21-Mar-2023 08:24:40,21-Mar-2023 12:13:09
23-May-2023 04:08:39,23-May-2023 08:03:18
04-May-2023 01:50:38,04-May-2023 04:32:41
29-Sep-2023 11:56:36,29-Sep-2023 15:44:57
15-May-2023 07:31:58,15-May-2023 10:20:47
04-Jun-2023 01:15:13,04-Jun-2023 07:02:38
28-Jul-2023 00:03:33,28-Jul-2023 04:52:09
03-Aug-2023 01:49:07,03-Aug-2023 05:49:09
11-Jan-2023 11:07:24,11-Jan-2023 13:57:45
03-Feb-2023 04:06:49,03-Feb-2023 09:04:29
02-Jul-2023 08:55:19,02-Jul-2023 14:36:18
01-Dec-2023 05:51:28,01-Dec-2023 11:12:33
01-Apr-2023 03:10:26,01-Apr-2023 08:34:09
26-Aug-2023 16:03:56,26-Aug-2023 19:05:01
24-Jan-2023 17:36:56,24-Jan-2023 21:01:04
06-Jan-2023 22:43:28,07-Jan-2023 04:01:26
09-Jul-2023 07:30:04,09-Jul-2023 11:29:31
26-Aug-2023 10:54:55,26-Aug-2023 16:42:20
24-May-2023 11:20:02,24-May-2023 14:42:49
19-May-2023 13:14:02,19-May-2023 16:52:23
15-May-2023 12:52:18,15-May-2023 17:47:47
02-Oct-2023 03:20:38,02-Oct-2023 07:37:04
11-Aug-2023 17:33:27,11-Aug-2023 21:54:53
29-Mar-2023 01:13:35,29-Mar-2023 03:54:31
03-Dec-2023 19:04:22,03-Dec-2023 21:47:11
20-May-2023 00:09:30,20-May-2023 03:15:24
16-May-2023 22:30:09,17-May-2023 03:57:19
01-May-2023 00:55:12,01-May-2023 05:37:15
25-Nov-2023 23:27:33,26-Nov-2023 03:56:14
19-Jun-2023 15:59:44,19-Jun-2023 18:36:11
04-Jul-2023 23:38:23,05-Jul-2023 03:46:59
17-Oct-2023 06:45:09,17-Oct-2023 10:11:57
19-Feb-2023 04:14:12,19-Feb-2023 07:28:48
16-Mar-2023 14:50:35,16-Mar-2023 19:53:20
11-Mar-2023 05:22:46,11-Mar-2023 10:49:04
01-Jan-2023 16:31:15,01-Jan-2023 19:07:58
09-Nov-2023 05:31:23,09-Nov-2023 09:49:50
04-Jan-2023 15:26:28,04-Jan-2023 18:23:02
04-Jan-2023 03:52:06,04-Jan-2023 09:37:57
02-Nov-2023 22:28:46,03-Nov-2023 02:41:04
08-Oct-2023 07:05:51,08-Oct-2023 11:20:14
09-Nov-2023 00:08:52,09-Nov-2023 04:58:48
06-Dec-2023 18:38:16,06-Dec-2023 23:49:40
06-Jan-2023 11:40:43,06-Jan-2023 17:03:18
11-Mar-2023 02:28:45,11-Mar-2023 07:00:21
10-Sep-2023 15:41:31,10-Sep-2023 18:09:39
22-Dec-2023 17:40:16,22-Dec-2023 20:51:10
29-Jul-2023 09:28:38,29-Jul-2023 12:05:16
24-Jul-2023 16:51:58,24-Jul-2023 21:01:54
09-Dec-2023 19:20:26,10-Dec-2023 00:46:48
07-Sep-2023 20:00:09,08-Sep-2023 00:23:15
01-May-2023 12:59:31,01-May-2023 17:32:23
04-May-2023 18:44:00,04-May-2023 21:39:09
07-Dec-2023 02:40:10,07-Dec-2023 07:37:24
22-Apr-2023 22:17:02,23-Apr-2023 01:39:43
15-Jan-2023 02:37:49,15-Jan-2023 07:59:18
26-Jul-2023 16:07:37,26-Jul-2023 21:15:39
25-Aug-2023 21:49:12,26-Aug-2023 01:53:52
26-Sep-2023 21:12:25,27-Sep-2023 02:55:05
15-Dec-2023 02:52:35,15-Dec-2023 07:05:05
22-Apr-2023 09:42:28,22-Apr-2023 12:52:25
04-Oct-2023 07:31:54,04-Oct-2023 10:37:37
13-Apr-2023 09:40:27,13-Apr-2023 12:10:02
25-Nov-2023 07:04:53,25-Nov-2023 10:40:27
02-Sep-2023 02:15:29,02-Sep-2023 07:30:13
17-Apr-2023 02:58:21,17-Apr-2023 06:19:50
28-Apr-2023 17:57:51,28-Apr-2023 22:36:41
18-Sep-2023 21:43:06,19-Sep-2023 00:43:24
09-Mar-2023 01:25:24,09-Mar-2023 04:50:55
10-Jun-2023 06:42:14,10-Jun-2023 10:23:05
13-May-2023 16:25:02,13-May-2023 21:02:08
19-Mar-2023 17:11:48,19-Mar-2023 21:32:29
14-Jul-2023 05:03:48,14-Jul-2023 09:13:17
30-Oct-2023 22:43:25,31-Oct-2023 01:21:38
22-Jun-2023 02:20:13,22-Jun-2023 07:23:21
19-Aug-2023 04:16:09,19-Aug-2023 06:48:13
13-Mar-2023 17:00:05,13-Mar-2023 21:43:31
30-Dec-2023 02:35:26,30-Dec-2023 08:01:47
01-Jan-2023 20:25:17,02-Jan-2023 00:06:14
12-Aug-2023 23:22:25,13-Aug-2023 03:54:24
28-Oct-2023 02:33:27,28-Oct-2023 07:19:23
31-May-2023 17:16:42,31-May-2023 22:21:16
23-Nov-2023 06:13:17,23-Nov-2023 10:47:02
06-Jul-2023 08:56:40,06-Jul-2023 13:42:07
17-Dec-2023 01:16:52,17-Dec-2023 06:25:00
10-Aug-2023 06:20:43,10-Aug-2023 10:02:37
31-Aug-2023 10:59:56,31-Aug-2023 13:35:37
02-Dec-2023 09:49:39,02-Dec-2023 12:36:27
13-Jun-2023 07:44:47,13-Jun-2023 11:59:58
19-Aug-2023 12:29:31,19-Aug-2023 17:47:05
18-Mar-2023 23:47:40,19-Mar-2023 04:01:14
23-Jul-2023 23:09:34,24-Jul-2023 04:39:07
07-Feb-2023 17:07:50,07-Feb-2023 19:51:57
17-Apr-2023 09:47:07,17-Apr-2023 15:07:38
18-Jul-2023 00:31:57,18-Jul-2023 05:51:10
07-Mar-2023 20:05:42,08-Mar-2023 01:30:03
11-Apr-2023 11:47:38,11-Apr-2023 14:28:40
26-Mar-2023 15:58:00,26-Mar-2023 19:33:07
19-Jul-2023 18:28:20,19-Jul-2023 21:40:26
22-Jul-2023 18:22:41,22-Jul-2023 23:39:16
14-Aug-2023 20:47:52,14-Aug-2023 23:40:58
01-Jan-2023 05:44:20,01-Jan-2023 11:08:22
10-Mar-2023 08:28:41,10-Mar-2023 11:33:49
23-Jun-2023 08:41:20,23-Jun-2023 13:58:22
07-Jan-2023 14:37:05,07-Jan-2023 17:45:06
22-Jun-2023 20:47:44,23-Jun-2023 01:29:10
28-Jan-2023 21:05:47,29-Jan-2023 00:15:31
02-Apr-2023 06:02:26,02-Apr-2023 08:41:31
31-Jul-2023 13:12:10,31-Jul-2023 17:04:51
24-Feb-2023 23:15:20,25-Feb-2023 02:42:34
30-May-2023 07:35:59,30-May-2023 12:00:17
22-Nov-2023 01:33:39,22-Nov-2023 04:49:18
08-Nov-2023 00:20:00,08-Nov-2023 05:15:30
17-Jul-2023 13:30:39,17-Jul-2023 16:41:43
17-Jun-2023 14:33:48,17-Jun-2023 16:59:54
24-Feb-2023 09:06:47,24-Feb-2023 11:33:22
27-Jun-2023 23:04:02,28-Jun-2023 04:37:01
27-Jul-2023 03:50:20,27-Jul-2023 06:24:22
05-May-2023 06:59:40,05-May-2023 11:14:10
02-Jun-2023 02:58:24,02-Jun-2023 06:03:07
06-Mar-2023 08:16:53,06-Mar-2023 11:15:57
31-Oct-2023 20:36:35,01-Nov-2023 01:23:25
03-Sep-2023 23:44:36,04-Sep-2023 04:25:41
09-Mar-2023 12:01:51,09-Mar-2023 17:06:18
11-Aug-2023 10:51:24,11-Aug-2023 15:02:51
14-Sep-2023 16:12:14,14-Sep-2023 21:19:00
11-Jan-2023 07:23:42,11-Jan-2023 11:46:29
09-Jul-2023 14:18:52,09-Jul-2023 18:28:58
05-Apr-2023 07:40:36,05-Apr-2023 11:25:10
04-Jul-2023 23:46:30,05-Jul-2023 04:09:42
21-Dec-2023 06:14:03,21-Dec-2023 10:19:38
25-Oct-2023 20:04:19,26-Oct-2023 00:23:13
09-Nov-2023 14:08:25,09-Nov-2023 19:27:03
23-Nov-2023 08:50:55,23-Nov-2023 13:36:35
20-Apr-2023 00:28:20,20-Apr-2023 03:03:30
17-Nov-2023 07:53:58,17-Nov-2023 13:21:58
03-Apr-2023 21:32:36,04-Apr-2023 00:49:58
11-Mar-2023 22:36:22,12-Mar-2023 02:54:38
09-Mar-2023 22:17:56,10-Mar-2023 02:47:49
10-Nov-2023 10:38:13,10-Nov-2023 15:49:54
11-Jun-2023 20:01:00,12-Jun-2023 00:17:49
21-May-2023 17:23:12,21-May-2023 19:54:31
30-Oct-2023 20:24:15,31-Oct-2023 01:39:26
17-Mar-2023 03:55:00,17-Mar-2023 09:35:05
23-Nov-2023 19:12:22,24-Nov-2023 00:26:15
17-Jun-2023 06:13:04,17-Jun-2023 10:00:20
01-Mar-2023 11:53:56,01-Mar-2023 16:01:35
08-Apr-2023 19:47:56,09-Apr-2023 00:25:47
09-Jul-2023 12:50:34,09-Jul-2023 17:37:11
09-Oct-2023 03:24:23,09-Oct-2023 08:27:54
22-May-2023 00:14:49,22-May-2023 05:38:15
17-Jan-2023 04:05:55,17-Jan-2023 07:18:23
26-Dec-2023 05:06:05,26-Dec-2023 10:13:45
10-Jul-2023 09:08:04,10-Jul-2023 14:06:14
04-Nov-2023 02:25:01,04-Nov-2023 08:09:27
21-Nov-2023 15:15:51,21-Nov-2023 18:04:18
07-Sep-2023 13:18:24,07-Sep-2023 18:09:13
08-Jul-2023 11:53:16,08-Jul-2023 16:33:57
10-Jun-2023 20:55:45,10-Jun-2023 23:57:43
19-May-2023 08:54:46,19-May-2023 12:32:25
12-Jan-2023 14:11:15,12-Jan-2023 17:56:00
20-Mar-2023 13:56:46,20-Mar-2023 18:20:58
01-Feb-2023 01:12:50,01-Feb-2023 04:18:09
18-Oct-2023 01:30:49,18-Oct-2023 04:31:48
27-May-2023 06:10:24,27-May-2023 11:41:48
19-Jan-2023 02:59:57,19-Jan-2023 06:37:35
26-Apr-2023 04:50:38,26-Apr-2023 07:30:24
14-Nov-2023 02:58:36,14-Nov-2023 06:04:17
06-Dec-2023 00:45:44,06-Dec-2023 04:53:27
04-Jun-2023 23:12:54,05-Jun-2023 02:58:15
12-Nov-2023 06:43:58,12-Nov-2023 12:12:51
24-Jun-2023 22:53:51,25-Jun-2023 02:09:01
27-Nov-2023 15:16:45,27-Nov-2023 18:29:48
02-Apr-2023 04:39:55,02-Apr-2023 07:09:10
11-Jul-2023 16:45:50,11-Jul-2023 20:42:45
31-Mar-2023 02:50:42,31-Mar-2023 07:37:12
02-Nov-2023 04:36:26,02-Nov-2023 09:25:02
11-Jul-2023 08:43:13,11-Jul-2023 12:42:09
08-May-2023 07:53:11,08-May-2023 10:38:56
04-Apr-2023 14:18:04,04-Apr-2023 18:55:12
03-Mar-2023 10:52:52,03-Mar-2023 15:25:37
07-Aug-2023 02:54:58,07-Aug-2023 05:51:04
23-Oct-2023 04:49:27,23-Oct-2023 07:56:17
06-Nov-2023 00:09:33,06-Nov-2023 04:49:26
04-Nov-2023 11:55:56,04-Nov-2023 15:28:28
27-Mar-2023 12:59:12,27-Mar-2023 16:21:51
05-Jul-2023 00:22:50,05-Jul-2023 04:11:58
01-Sep-2023 15:28:59,01-Sep-2023 20:47:25
03-Feb-2023 00:42:59,03-Feb-2023 04:10:30
17-Jul-2023 15:38:12,17-Jul-2023 20:37:40
19-Apr-2023 11:15:09,19-Apr-2023 15:31:42
19-May-2023 23:46:57,20-May-2023 04:50:05
14-Jul-2023 08:02:00,14-Jul-2023 13:06:59
05-Jun-2023 06:07:42,05-Jun-2023 11:44:22
26-Mar-2023 11:04:03,26-Mar-2023 13:52:49
11-Jan-2023 08:16:09,11-Jan-2023 13:37:13
10-Jan-2023 11:22:58,10-Jan-2023 16:40:37
10-Apr-2023 20:17:41,10-Apr-2023 23:43:18
10-Sep-2023 18:58:57,10-Sep-2023 22:12:05
01-May-2023 02:51:41,01-May-2023 06:54:05
01-Oct-2023 04:16:20,01-Oct-2023 07:20:56
17-Oct-2023 14:49:04,17-Oct-2023 20:19:42
20-Jan-2023 13:29:19,20-Jan-2023 16:59:08
04-Jan-2023 08:34:50,04-Jan-2023 11:22:48
23-Sep-2023 00:53:45,23-Sep-2023 04:48:29
30-Aug-2023 20:07:43,31-Aug-2023 00:22:23
02-Aug-2023 01:24:48,02-Aug-2023 04:00:45
01-Dec-2023 12:42:51,01-Dec-2023 17:00:14
02-Mar-2023 21:51:29,03-Mar-2023 02:16:58
20-Dec-2023 19:04:39,20-Dec-2023 22:26:15
21-Mar-2023 22:29:12,22-Mar-2023 02:19:44
14-Jan-2023 22:08:22,15-Jan-2023 02:15:12
25-Mar-2023 08:12:25,25-Mar-2023 12:42:17
15-Sep-2023 15:02:30,15-Sep-2023 20:17:50
09-May-2023 08:30:23,09-May-2023 13:57:28
16-Sep-2023 06:05:09,16-Sep-2023 10:09:28
03-Aug-2023 06:49:04,03-Aug-2023 10:05:43
09-Feb-2023 14:05:36,09-Feb-2023 17:02:20
24-Aug-2023 10:38:55,24-Aug-2023 15:10:40
24-Sep-2023 03:01:08,24-Sep-2023 08:20:36
11-Nov-2023 06:29:20,11-Nov-2023 11:55:16
09-Jan-2023 05:50:58,09-Jan-2023 08:48:42
25-Feb-2023 00:53:39,25-Feb-2023 05:20:12
11-Jul-2023 04:05:44,11-Jul-2023 09:20:22
24-Mar-2023 11:16:04,24-Mar-2023 16:25:43
03-Nov-2023 08:46:20,03-Nov-2023 13:53:28
06-Jun-2023 12:46:08,06-Jun-2023 18:09:35
19-Apr-2023 23:28:28,20-Apr-2023 03:15:34
30-Jul-2023 02:08:52,30-Jul-2023 07:24:08
06-May-2023 11:45:24,06-May-2023 16:17:52
08-Nov-2023 22:50:59,09-Nov-2023 01:58:48
15-Apr-2023 07:27:58,15-Apr-2023 11:10:01
10-Jun-2023 12:10:14,10-Jun-2023 16:59:25
06-Oct-2023 23:11:35,07-Oct-2023 01:43:23
20-May-2023 10:00:52,20-May-2023 13:24:04
28-Mar-2023 22:11:28,29-Mar-2023 02:43:11
24-May-2023 09:13:04,24-May-2023 11:59:56
13-Mar-2023 06:48:03,13-Mar-2023 10:28:46
10-Jun-2023 09:58:03,10-Jun-2023 14:05:16
14-Aug-2023 02:20:55,14-Aug-2023 05:52:17
26-Mar-2023 09:29:18,26-Mar-2023 14:56:12
14-Nov-2023 04:50:27,14-Nov-2023 09:38:16
24-Sep-2023 05:41:08,24-Sep-2023 08:31:30
27-Apr-2023 11:04:24,27-Apr-2023 16:51:24
23-Oct-2023 11:40:51,23-Oct-2023 17:17:32
17-Jun-2023 00:33:49,17-Jun-2023 05:38:53
04-Sep-2023 01:15:54,04-Sep-2023 05:47:30
15-Apr-2023 18:05:26,15-Apr-2023 23:43:29
23-Sep-2023 21:49:17,24-Sep-2023 00:37:44
25-Sep-2023 06:09:32,25-Sep-2023 11:32:41
15-Sep-2023 16:28:09,15-Sep-2023 21:29:18
18-Mar-2023 05:53:21,18-Mar-2023 10:37:45
04-Mar-2023 07:14:29,04-Mar-2023 12:05:47
14-Jul-2023 06:45:37,14-Jul-2023 11:14:05
16-Sep-2023 00:37:08,16-Sep-2023 03:30:31
01-Jan-2023 08:50:52,01-Jan-2023 13:11:33
11-Mar-2023 12:25:42,11-Mar-2023 16:01:40
25-Sep-2023 21:48:58,26-Sep-2023 02:31:58
29-Dec-2023 09:04:37,29-Dec-2023 12:39:08
13-Mar-2023 18:07:18,13-Mar-2023 21:39:38
26-Mar-2023 18:31:51,26-Mar-2023 21:41:11
03-May-2023 00:13:36,03-May-2023 03:54:43
20-Feb-2023 14:34:05,20-Feb-2023 18:29:11
03-May-2023 11:49:22,03-May-2023 15:49:43
26-Jul-2023 01:51:10,26-Jul-2023 05:10:39
17-Jun-2023 19:14:17,18-Jun-2023 00:40:06
21-Nov-2023 12:32:21,21-Nov-2023 15:08:32
12-Feb-2023 17:35:42,12-Feb-2023 21:32:26
08-Feb-2023 15:35:22,08-Feb-2023 21:02:14
23-May-2023 15:33:16,23-May-2023 21:03:21
11-Sep-2023 14:44:54,11-Sep-2023 17:43:10
20-Nov-2023 10:10:18,20-Nov-2023 14:34:21
17-Jan-2023 19:38:16,17-Jan-2023 23:34:32
17-Apr-2023 08:27:48,17-Apr-2023 14:10:26
14-Dec-2023 03:56:48,14-Dec-2023 08:59:47
04-Oct-2023 23:49:52,05-Oct-2023 05:28:59
21-Jan-2023 07:12:42,21-Jan-2023 10:26:35
11-Jan-2023 08:18:54,11-Jan-2023 10:57:47
04-Dec-2023 10:53:32,04-Dec-2023 14:05:51
15-May-2023 21:28:37,16-May-2023 02:32:28
06-Jan-2023 18:19:25,07-Jan-2023 00:00:19
03-Jul-2023 07:45:59,03-Jul-2023 10:57:23
12-Dec-2023 11:48:36,12-Dec-2023 17:13:20
06-Dec-2023 09:46:51,06-Dec-2023 15:24:07
20-Jan-2023 13:10:54,20-Jan-2023 16:14:43
29-Nov-2023 21:31:39,30-Nov-2023 02:03:05
03-Jul-2023 08:47:27,03-Jul-2023 14:07:42
11-Mar-2023 17:17:38,11-Mar-2023 20:46:00
14-Aug-2023 06:08:22,14-Aug-2023 09:09:07
15-Nov-2023 14:49:11,15-Nov-2023 19:41:28
02-Jun-2023 20:03:13,03-Jun-2023 00:27:37
05-Dec-2023 16:15:16,05-Dec-2023 20:13:26
13-Jul-2023 01:12:54,13-Jul-2023 05:10:35
04-Nov-2023 08:39:23,04-Nov-2023 11:29:17
04-Oct-2023 19:46:20,04-Oct-2023 22:12:27
25-Aug-2023 05:12:36,25-Aug-2023 10:41:15
05-Dec-2023 06:16:36,05-Dec-2023 09:14:41
12-Sep-2023 06:47:27,12-Sep-2023 12:04:22
25-Mar-2023 02:30:21,25-Mar-2023 06:32:39
14-Sep-2023 00:58:04,14-Sep-2023 04:27:55
28-Mar-2023 15:27:05,28-Mar-2023 18:18:40
16-Jul-2023 16:22:31,16-Jul-2023 21:04:21
18-May-2023 07:45:16,18-May-2023 13:16:08
19-Aug-2023 08:51:39,19-Aug-2023 12:26:50
26-Dec-2023 11:39:44,26-Dec-2023 14:46:58
10-Oct-2023 19:15:42,10-Oct-2023 23:37:47
18-Sep-2023 22:40:44,19-Sep-2023 02:56:16
03-Nov-2023 17:07:49,03-Nov-2023 20:50:03
06-Apr-2023 08:04:55,06-Apr-2023 10:48:20
17-Jun-2023 21:46:17,18-Jun-2023 01:36:59
13-May-2023 02:29:04,13-May-2023 07:04:37
13-Aug-2023 14:03:47,13-Aug-2023 16:55:15
23-Apr-2023 15:21:09,23-Apr-2023 20:05:14
19-Aug-2023 06:53:15,19-Aug-2023 12:07:12
11-Oct-2023 13:48:25,11-Oct-2023 19:07:08
20-Nov-2023 05:54:06,20-Nov-2023 10:21:30
05-Sep-2023 02:19:46,05-Sep-2023 07:28:01
20-Mar-2023 00:57:21,20-Mar-2023 05:49:50
13-Mar-2023 14:44:18,13-Mar-2023 19:31:57
30-May-2023 11:04:14,30-May-2023 16:39:47
07-Oct-2023 04:21:04,07-Oct-2023 07:25:14
14-Oct-2023 08:36:23,14-Oct-2023 14:05:02
07-Aug-2023 06:04:02,07-Aug-2023 11:36:35
28-Feb-2023 06:17:36,28-Feb-2023 11:10:00
10-Mar-2023 06:58:09,10-Mar-2023 10:39:43
09-Nov-2023 17:24:04,09-Nov-2023 22:11:55
07-Jul-2023 13:40:55,07-Jul-2023 16:43:58
20-Jun-2023 17:03:28,20-Jun-2023 22:39:22
02-Jan-2023 22:05:24,03-Jan-2023 01:17:23
03-Oct-2023 18:24:15,03-Oct-2023 22:51:45
06-Jul-2023 23:33:06,07-Jul-2023 02:04:29
10-Jun-2023 20:28:30,11-Jun-2023 01:32:14
21-Dec-2023 16:49:26,21-Dec-2023 20:15:51
08-May-2023 12:26:26,08-May-2023 16:04:01
13-Mar-2023 23:06:26,14-Mar-2023 02:02:55
24-Jun-2023 04:59:18,24-Jun-2023 08:55:30
20-Nov-2023 13:22:19,20-Nov-2023 18:39:47
23-Jul-2023 18:38:35,24-Jul-2023 00:06:48
01-Apr-2023 16:17:51,01-Apr-2023 20:09:27
07-Apr-2023 10:44:02,07-Apr-2023 14:04:57
25-Jul-2023 01:41:26,25-Jul-2023 06:29:52
16-Oct-2023 17:00:43,16-Oct-2023 21:43:49
08-Jan-2023 17:00:44,08-Jan-2023 22:03:50
26-Sep-2023 05:41:38,26-Sep-2023 09:27:33
27-May-2023 00:20:34,27-May-2023 02:51:38
16-Sep-2023 11:08:03,16-Sep-2023 16:47:52
22-Aug-2023 08:39:30,22-Aug-2023 12:41:02
24-Aug-2023 19:07:09,25-Aug-2023 00:31:53
15-Dec-2023 23:25:47,16-Dec-2023 04:47:02
07-Jul-2023 16:52:53,07-Jul-2023 22:12:53
05-Jan-2023 16:13:26,05-Jan-2023 19:55:59
29-Oct-2023 14:35:48,29-Oct-2023 18:17:44
17-Aug-2023 01:24:40,17-Aug-2023 05:55:00
10-Aug-2023 10:52:05,10-Aug-2023 15:32:04
14-Sep-2023 23:34:33,15-Sep-2023 03:00:00
14-Jul-2023 18:17:09,14-Jul-2023 21:04:04
23-Jan-2023 06:07:15,23-Jan-2023 08:37:31
22-Jul-2023 05:54:41,22-Jul-2023 08:50:42
25-Jan-2023 08:25:19,25-Jan-2023 11:58:32
01-Oct-2023 17:22:33,01-Oct-2023 19:55:23
13-Jan-2023 21:09:09,14-Jan-2023 02:03:10
15-Dec-2023 22:31:16,16-Dec-2023 02:26:48
17-May-2023 01:38:00,17-May-2023 05:25:41
29-Dec-2023 19:56:19,29-Dec-2023 22:40:59
04-Oct-2023 04:16:32,04-Oct-2023 09:30:06
31-Jan-2023 08:10:07,31-Jan-2023 13:43:25
06-Jul-2023 15:17:48,06-Jul-2023 20:30:00
12-Nov-2023 13:33:22,12-Nov-2023 16:23:08
28-Aug-2023 23:57:19,29-Aug-2023 02:57:41
26-Jan-2023 01:30:24,26-Jan-2023 06:36:53
03-Dec-2023 18:02:10,03-Dec-2023 21:44:47
15-Jan-2023 07:48:33,15-Jan-2023 13:14:49
27-Dec-2023 14:56:18,27-Dec-2023 19:29:14
12-Sep-2023 15:59:56,12-Sep-2023 19:15:53
10-Nov-2023 18:17:15,10-Nov-2023 23:28:36
03-Mar-2023 06:47:08,03-Mar-2023 11:03:45
09-Sep-2023 08:15:08,09-Sep-2023 11:22:05
05-Nov-2023 20:19:38,06-Nov-2023 01:40:20
25-Mar-2023 13:03:54,25-Mar-2023 16:14:48
15-Feb-2023 11:05:42,15-Feb-2023 15:33:08
19-Jan-2023 15:07:41,19-Jan-2023 18:23:28
21-Aug-2023 18:48:54,22-Aug-2023 00:17:19
29-Jan-2023 11:15:29,29-Jan-2023 15:50:11
08-Oct-2023 12:52:15,08-Oct-2023 15:47:26
22-Jul-2023 19:05:41,22-Jul-2023 22:18:56
04-Feb-2023 05:44:41,04-Feb-2023 10:49:18
23-Sep-2023 03:49:57,23-Sep-2023 09:11:54
02-Jun-2023 22:03:53,03-Jun-2023 02:21:46
02-Sep-2023 04:31:23,02-Sep-2023 09:58:45
21-Oct-2023 15:08:01,21-Oct-2023 20:45:34
20-Nov-2023 21:08:47,21-Nov-2023 00:35:14
01-Sep-2023 05:32:17,01-Sep-2023 09:39:11
29-Oct-2023 17:45:51,29-Oct-2023 21:31:23
19-Dec-2023 08:31:25,19-Dec-2023 14:09:08
30-Sep-2023 20:15:28,01-Oct-2023 01:51:17
31-Jul-2023 12:54:29,31-Jul-2023 17:48:40
13-Dec-2023 16:49:05,13-Dec-2023 20:25:51
20-Mar-2023 04:45:56,20-Mar-2023 08:20:20
16-Mar-2023 23:32:15,17-Mar-2023 04:37:38
25-Dec-2023 16:11:48,25-Dec-2023 21:18:16
07-Jul-2023 23:40:58,08-Jul-2023 03:18:00
28-Mar-2023 16:50:20,28-Mar-2023 20:23:52
21-May-2023 14:02:38,21-May-2023 17:50:33
19-Mar-2023 11:16:03,19-Mar-2023 15:35:05
19-Apr-2023 14:46:04,19-Apr-2023 19:33:46
08-Sep-2023 10:48:34,08-Sep-2023 16:01:36
15-Aug-2023 15:14:06,15-Aug-2023 19:14:29
07-Feb-2023 16:38:01,07-Feb-2023 19:40:35
15-Apr-2023 02:55:24,15-Apr-2023 08:38:05
07-Aug-2023 21:27:18,08-Aug-2023 00:44:21
13-Nov-2023 03:06:50,13-Nov-2023 07:06:59
24-Oct-2023 21:49:32,25-Oct-2023 00:22:41
17-May-2023 11:16:49,17-May-2023 14:09:49
25-Jun-2023 19:14:50,25-Jun-2023 21:57:11
11-Oct-2023 03:03:56,11-Oct-2023 08:08:27
21-Mar-2023 17:06:07,21-Mar-2023 20:08:30
26-Feb-2023 11:35:35,26-Feb-2023 15:07:27
31-Mar-2023 20:56:36,01-Apr-2023 00:22:18
22-Dec-2023 16:25:40,22-Dec-2023 19:12:33
16-Jul-2023 20:04:17,17-Jul-2023 01:40:38
30-Aug-2023 22:21:05,31-Aug-2023 01:28:48
02-Sep-2023 23:59:39,03-Sep-2023 03:52:45
12-Aug-2023 08:41:32,12-Aug-2023 11:17:44
25-Jan-2023 06:08:17,25-Jan-2023 10:50:48
17-Jun-2023 18:32:12,17-Jun-2023 21:20:34
08-May-2023 18:23:52,08-May-2023 22:17:31
09-Aug-2023 07:13:04,09-Aug-2023 12:27:42
11-Aug-2023 19:49:08,11-Aug-2023 22:34:40
21-Apr-2023 17:39:54,21-Apr-2023 22:44:22
02-Nov-2023 10:14:05,02-Nov-2023 14:01:21
04-Mar-2023 22:07:39,05-Mar-2023 02:44:04
03-Jan-2023 00:13:15,03-Jan-2023 04:42:37
20-Mar-2023 23:37:43,21-Mar-2023 02:06:39
14-Jul-2023 16:49:39,14-Jul-2023 21:13:54
05-May-2023 15:48:41,05-May-2023 19:39:48
02-Mar-2023 07:55:54,02-Mar-2023 10:29:03
11-Aug-2023 16:58:18,11-Aug-2023 21:37:29
14-Apr-2023 16:38:47,14-Apr-2023 21:42:04
21-Apr-2023 01:04:43,21-Apr-2023 04:06:23
02-Jul-2023 06:16:30,02-Jul-2023 11:48:22
12-Jul-2023 10:38:17,12-Jul-2023 14:10:14
06-Jan-2023 03:42:53,06-Jan-2023 07:05:54
12-Feb-2023 23:40:22,13-Feb-2023 04:28:11
20-Feb-2023 15:35:40,20-Feb-2023 21:11:19
05-Oct-2023 09:34:36,05-Oct-2023 14:48:18
17-Mar-2023 08:04:50,17-Mar-2023 12:02:45
03-Jul-2023 06:41:48,03-Jul-2023 10:29:44
27-Mar-2023 02:05:01,27-Mar-2023 07:50:45
30-Aug-2023 00:22:39,30-Aug-2023 03:44:59
22-Aug-2023 14:52:17,22-Aug-2023 18:18:53
06-Nov-2023 06:43:06,06-Nov-2023 10:36:45
15-Nov-2023 02:22:57,15-Nov-2023 06:17:48
11-Dec-2023 15:30:18,11-Dec-2023 19:33:06
22-Oct-2023 07:36:50,22-Oct-2023 10:41:08
28-Jan-2023 22:07:04,29-Jan-2023 02:13:33
20-Apr-2023 04:53:36,20-Apr-2023 10:16:49
08-Feb-2023 07:18:12,08-Feb-2023 10:22:26
13-Sep-2023 20:34:45,13-Sep-2023 23:02:03
14-Jun-2023 18:48:09,14-Jun-2023 21:57:51
08-May-2023 06:09:05,08-May-2023 10:24:45
21-Oct-2023 03:32:17,21-Oct-2023 07:45:10
21-Jan-2023 20:20:59,22-Jan-2023 01:19:18
10-Mar-2023 12:47:12,10-Mar-2023 17:23:25
12-Apr-2023 18:06:51,12-Apr-2023 22:50:43
02-Oct-2023 02:39:55,02-Oct-2023 07:29:44
29-May-2023 00:50:43,29-May-2023 04:53:40
26-Apr-2023 21:26:18,27-Apr-2023 00:49:40
09-Jun-2023 15:24:03,09-Jun-2023 18:13:56
08-May-2023 12:43:50,08-May-2023 16:58:02
17-Jun-2023 17:35:27,17-Jun-2023 21:51:59
31-May-2023 01:00:55,31-May-2023 06:13:06
11-Dec-2023 18:03:23,11-Dec-2023 22:49:08
12-Dec-2023 00:46:08,12-Dec-2023 05:35:11
17-Jun-2023 14:22:08,17-Jun-2023 17:25:13
15-May-2023 17:55:37,15-May-2023 21:26:33
03-May-2023 13:39:35,03-May-2023 16:38:16
27-Jun-2023 18:58:50,27-Jun-2023 23:54:42
06-Nov-2023 22:58:01,07-Nov-2023 03:18:29
25-Jan-2023 19:19:32,26-Jan-2023 00:15:57
11-Jul-2023 13:11:52,11-Jul-2023 16:36:00
30-Apr-2023 16:26:26,30-Apr-2023 19:11:26
05-May-2023 12:37:21,05-May-2023 17:00:55
24-Sep-2023 02:08:00,24-Sep-2023 04:51:13
31-Oct-2023 06:29:08,31-Oct-2023 11:31:41
15-Sep-2023 14:58:45,15-Sep-2023 19:48:29
27-Feb-2023 13:35:58,27-Feb-2023 16:06:13
22-Dec-2023 13:30:12,22-Dec-2023 16:38:34
23-Jul-2023 18:23:30,23-Jul-2023 23:06:19
21-Jun-2023 20:43:11,22-Jun-2023 00:40:43
24-May-2023 21:17:20,25-May-2023 01:22:58
31-Jan-2023 16:56:06,31-Jan-2023 20:33:20
11-Apr-2023 14:23:52,11-Apr-2023 18:53:29
14-May-2023 13:52:20,14-May-2023 17:50:38
18-Oct-2023 04:05:41,18-Oct-2023 07:31:15
05-Jan-2023 07:18:13,05-Jan-2023 12:33:27
25-Mar-2023 14:34:22,25-Mar-2023 18:10:37
08-Sep-2023 02:16:20,08-Sep-2023 07:58:19
14-Jan-2023 08:26:37,14-Jan-2023 12:13:55
14-Oct-2023 05:33:12,14-Oct-2023 09:45:08
29-Aug-2023 14:20:06,29-Aug-2023 18:29:12
02-Oct-2023 20:32:26,03-Oct-2023 00:54:06
08-Jul-2023 10:12:57,08-Jul-2023 15:39:26
27-Dec-2023 11:33:31,27-Dec-2023 15:15:15
06-Mar-2023 18:25:18,07-Mar-2023 00:06:51
09-Jun-2023 01:51:51,09-Jun-2023 05:29:13
18-Aug-2023 12:47:58,18-Aug-2023 15:51:08
03-Sep-2023 04:42:02,03-Sep-2023 09:02:10
30-Nov-2023 23:16:08,01-Dec-2023 04:02:12
27-Nov-2023 08:48:48,27-Nov-2023 12:59:46
24-Jan-2023 05:32:32,24-Jan-2023 10:21:30
20-Aug-2023 22:51:05,21-Aug-2023 04:20:01
25-Jun-2023 02:48:35,25-Jun-2023 08:11:44
15-Apr-2023 15:40:45,15-Apr-2023 19:00:48
20-Sep-2023 15:22:32,20-Sep-2023 20:54:28
03-Jul-2023 18:41:52,03-Jul-2023 21:46:08
04-Sep-2023 12:51:19,04-Sep-2023 16:05:28
20-Oct-2023 01:39:24,20-Oct-2023 05:54:10
06-Sep-2023 17:34:07,06-Sep-2023 20:27:08
12-Feb-2023 00:57:10,12-Feb-2023 04:09:05
15-Dec-2023 13:55:54,15-Dec-2023 17:13:44
03-May-2023 03:23:19,03-May-2023 06:53:25
26-Apr-2023 20:35:41,26-Apr-2023 23:28:33
01-Sep-2023 06:41:10,01-Sep-2023 09:40:18
23-Feb-2023 10:19:01,23-Feb-2023 13:39:49
12-Apr-2023 04:38:37,12-Apr-2023 08:14:22
29-Aug-2023 00:39:22,29-Aug-2023 03:46:23
17-Jul-2023 08:53:40,17-Jul-2023 11:34:06
14-Apr-2023 09:51:10,14-Apr-2023 15:13:37
22-Dec-2023 08:02:42,22-Dec-2023 10:59:23
29-Jul-2023 03:31:12,29-Jul-2023 08:37:38
22-Sep-2023 16:47:39,22-Sep-2023 22:24:49
17-Nov-2023 01:38:56,17-Nov-2023 05:15:56
29-Aug-2023 23:57:41,30-Aug-2023 02:35:35
09-Jul-2023 22:27:15,10-Jul-2023 03:59:23
03-Apr-2023 17:38:08,03-Apr-2023 22:41:08
03-Sep-2023 05:15:58,03-Sep-2023 08:32:19
09-Nov-2023 17:06:29,09-Nov-2023 21:19:53
22-Jun-2023 00:01:44,22-Jun-2023 02:42:36
29-Nov-2023 03:49:15,29-Nov-2023 09:07:17
23-Jan-2023 17:58:01,23-Jan-2023 22:55:47
27-Jun-2023 11:19:30,27-Jun-2023 14:21:09
30-Nov-2023 02:02:09,30-Nov-2023 07:15:03
28-Jun-2023 07:02:27,28-Jun-2023 09:35:16
26-Jun-2023 06:51:40,26-Jun-2023 09:21:18
10-Apr-2023 18:49:07,10-Apr-2023 23:39:32
03-Feb-2023 03:44:57,03-Feb-2023 09:17:41
31-Aug-2023 09:39:04,31-Aug-2023 13:57:10
15-Feb-2023 16:51:31,15-Feb-2023 22:04:57
09-Feb-2023 14:31:29,09-Feb-2023 18:09:33
11-Jun-2023 05:08:18,11-Jun-2023 08:36:16
21-Jul-2023 07:59:15,21-Jul-2023 12:41:22
17-Dec-2023 08:43:53,17-Dec-2023 11:21:14
28-Jul-2023 00:42:53,28-Jul-2023 04:14:54
28-Jan-2023 14:58:20,28-Jan-2023 20:22:46
12-May-2023 22:33:20,13-May-2023 02:22:23
08-Jan-2023 02:11:36,08-Jan-2023 06:19:03
18-Jun-2023 20:41:17,19-Jun-2023 00:19:27
14-Dec-2023 22:44:12,15-Dec-2023 04:29:57
22-Dec-2023 20:02:23,23-Dec-2023 00:02:18
22-Feb-2023 01:01:43,22-Feb-2023 06:38:59
10-Apr-2023 07:03:01,10-Apr-2023 09:49:16
20-Dec-2023 09:34:42,20-Dec-2023 13:05:16
08-Oct-2023 23:27:10,09-Oct-2023 03:12:50
09-Aug-2023 12:44:28,09-Aug-2023 17:59:52
03-Nov-2023 15:03:35,03-Nov-2023 18:01:58
05-Sep-2023 00:11:58,05-Sep-2023 03:25:04
03-Dec-2023 03:46:04,03-Dec-2023 06:45:10
21-Dec-2023 19:13:10,21-Dec-2023 23:34:01
22-Jan-2023 03:21:24,22-Jan-2023 06:18:16
10-Jan-2023 14:26:41,10-Jan-2023 19:08:09
16-Sep-2023 08:31:48,16-Sep-2023 13:58:56
21-Aug-2023 22:45:27,22-Aug-2023 03:27:47
20-Jun-2023 07:54:09,20-Jun-2023 12:33:04
22-Jul-2023 19:24:12,22-Jul-2023 23:13:50
04-Feb-2023 08:11:29,04-Feb-2023 12:49:55
26-Oct-2023 10:41:15,26-Oct-2023 14:27:40
17-May-2023 09:40:51,17-May-2023 14:05:08
29-Nov-2023 01:14:49,29-Nov-2023 06:24:48
02-Nov-2023 12:56:18,02-Nov-2023 17:40:03
04-Aug-2023 19:36:29,05-Aug-2023 01:18:07
04-Feb-2023 22:04:22,05-Feb-2023 01:28:58
28-Mar-2023 17:58:23,28-Mar-2023 20:27:34
09-Jan-2023 11:31:43,09-Jan-2023 15:20:34
26-Feb-2023 01:38:03,26-Feb-2023 06:57:13
17-Nov-2023 11:34:38,17-Nov-2023 17:19:10
13-Feb-2023 07:14:30,13-Feb-2023 12:25:23
10-Nov-2023 00:25:19,10-Nov-2023 03:29:36
12-Nov-2023 00:54:45,12-Nov-2023 03:28:47
22-Nov-2023 22:43:07,23-Nov-2023 03:11:30
05-Jan-2023 06:06:46,05-Jan-2023 11:00:21
17-Oct-2023 18:43:09,17-Oct-2023 21:18:53
08-Mar-2023 07:13:30,08-Mar-2023 12:19:32
12-Jan-2023 18:13:15,12-Jan-2023 21:59:06
01-Mar-2023 09:14:49,01-Mar-2023 11:52:54
19-Jul-2023 12:51:48,19-Jul-2023 17:23:12
07-Oct-2023 16:42:41,07-Oct-2023 19:42:04
11-Oct-2023 17:49:01,11-Oct-2023 21:21:33
08-May-2023 01:28:41,08-May-2023 04:49:12
15-Sep-2023 19:18:06,15-Sep-2023 23:33:24
01-May-2023 08:19:41,01-May-2023 13:38:09
13-Aug-2023 05:54:15,13-Aug-2023 09:47:34
17-Jun-2023 00:54:09,17-Jun-2023 05:16:55
21-Mar-2023 18:13:42,21-Mar-2023 21:07:16
07-Jun-2023 06:27:33,07-Jun-2023 10:51:01
21-Aug-2023 17:30:43,21-Aug-2023 22:12:18
30-Oct-2023 12:46:57,30-Oct-2023 18:02:01
15-Sep-2023 23:25:48,16-Sep-2023 03:59:56
07-Mar-2023 10:29:27,07-Mar-2023 13:38:15
31-Jul-2023 02:02:41,31-Jul-2023 07:31:50
11-Oct-2023 03:41:48,11-Oct-2023 07:29:38
04-Oct-2023 07:01:08,04-Oct-2023 12:26:39
02-Apr-2023 05:26:22,02-Apr-2023 09:48:32
06-May-2023 03:09:10,06-May-2023 05:38:33
23-Sep-2023 23:40:03,24-Sep-2023 03:55:13
15-Apr-2023 13:42:47,15-Apr-2023 19:01:02
11-Jun-2023 13:51:17,11-Jun-2023 17:02:15
02-Nov-2023 16:46:20,02-Nov-2023 21:21:01
25-Dec-2023 01:13:08,25-Dec-2023 06:03:04
12-Aug-2023 16:44:13,12-Aug-2023 20:17:38
06-Mar-2023 06:20:29,06-Mar-2023 08:56:45
24-Jan-2023 07:56:24,24-Jan-2023 11:55:12
07-Sep-2023 14:14:48,07-Sep-2023 19:35:40
25-Mar-2023 16:42:34,25-Mar-2023 21:45:18
30-Aug-2023 21:10:24,31-Aug-2023 00:45:30
04-Nov-2023 07:08:49,04-Nov-2023 12:05:58
25-Sep-2023 13:21:44,25-Sep-2023 17:53:57
24-Nov-2023 10:03:06,24-Nov-2023 14:56:11
30-Mar-2023 21:38:55,31-Mar-2023 02:20:17
18-Nov-2023 15:20:22,18-Nov-2023 19:24:23
17-Jan-2023 14:37:34,17-Jan-2023 18:59:31
29-Jun-2023 09:56:17,29-Jun-2023 15:03:58
31-Jul-2023 06:39:55,31-Jul-2023 10:36:45
12-Dec-2023 10:01:10,12-Dec-2023 13:22:56
18-Aug-2023 22:07:27,19-Aug-2023 03:00:04
22-Jun-2023 00:01:54,22-Jun-2023 03:48:06
14-Feb-2023 06:10:20,14-Feb-2023 09:54:52
12-Apr-2023 19:33:10,13-Apr-2023 00:01:33
07-Oct-2023 23:50:53,08-Oct-2023 02:20:39
01-Oct-2023 06:58:19,01-Oct-2023 11:43:52
07-Jan-2023 13:59:11,07-Jan-2023 17:58:55
05-Nov-2023 20:06:45,06-Nov-2023 01:08:07
25-Nov-2023 10:54:01,25-Nov-2023 14:27:41
04-Sep-2023 01:52:37,04-Sep-2023 04:51:22
15-Jan-2023 18:39:59,15-Jan-2023 23:04:06
30-Jun-2023 07:58:52,30-Jun-2023 11:14:41
07-Sep-2023 21:58:09,08-Sep-2023 00:44:01
14-Jan-2023 10:06:05,14-Jan-2023 13:54:53
02-Apr-2023 05:00:27,02-Apr-2023 10:12:45
26-Apr-2023 04:27:47,26-Apr-2023 07:26:55
02-Mar-2023 17:14:55,02-Mar-2023 20:22:27
17-Jun-2023 07:17:36,17-Jun-2023 10:03:19
01-Dec-2023 02:15:10,01-Dec-2023 07:16:43
18-Jan-2023 20:11:53,19-Jan-2023 01:56:48
13-Apr-2023 14:55:39,13-Apr-2023 18:50:49
24-Oct-2023 17:00:54,24-Oct-2023 19:53:18
22-Nov-2023 02:13:56,22-Nov-2023 05:29:26
15-Oct-2023 15:50:57,15-Oct-2023 21:11:58
09-Jan-2023 05:46:42,09-Jan-2023 08:25:59
29-Jan-2023 20:08:21,29-Jan-2023 22:46:33
02-Dec-2023 04:43:04,02-Dec-2023 08:01:36
07-Jul-2023 03:31:33,07-Jul-2023 07:27:51
16-Jan-2023 10:59:23,16-Jan-2023 15:41:46
15-Oct-2023 18:55:15,15-Oct-2023 22:14:05
23-Sep-2023 00:47:52,23-Sep-2023 05:34:30
04-Feb-2023 17:24:46,04-Feb-2023 21:43:00
15-Oct-2023 08:56:47,15-Oct-2023 11:31:29
15-Sep-2023 09:44:38,15-Sep-2023 12:44:18
22-May-2023 21:25:08,23-May-2023 01:49:39
26-Nov-2023 20:00:04,27-Nov-2023 00:08:58
16-Feb-2023 08:29:16,16-Feb-2023 14:17:09
17-Jun-2023 13:32:45,17-Jun-2023 19:16:26
11-Jul-2023 22:20:36,12-Jul-2023 03:21:06
12-Aug-2023 12:20:24,12-Aug-2023 15:33:43
19-Jan-2023 20:21:56,20-Jan-2023 01:16:48
08-Jan-2023 20:06:42,09-Jan-2023 00:47:23
10-Feb-2023 13:53:32,10-Feb-2023 18:25:14
22-Jul-2023 03:05:57,22-Jul-2023 08:24:46
09-Aug-2023 05:53:35,09-Aug-2023 10:10:21
13-Oct-2023 09:24:12,13-Oct-2023 14:53:02
14-Dec-2023 12:44:59,14-Dec-2023 15:14:34
12-Mar-2023 17:32:17,12-Mar-2023 21:56:38
19-Jun-2023 20:53:24,20-Jun-2023 00:16:12
28-Nov-2023 15:33:14,28-Nov-2023 20:29:30
01-Jun-2023 09:48:51,01-Jun-2023 12:58:28
19-Apr-2023 11:26:20,19-Apr-2023 14:02:38
04-Apr-2023 16:17:36,04-Apr-2023 19:40:32
30-Oct-2023 19:30:54,30-Oct-2023 22:23:53
10-Sep-2023 19:27:49,10-Sep-2023 23:26:06
03-Jan-2023 05:58:31,03-Jan-2023 09:09:34
20-Aug-2023 22:09:40,21-Aug-2023 02:27:26
24-Oct-2023 15:57:02,24-Oct-2023 18:37:24
29-Aug-2023 17:17:14,29-Aug-2023 20:02:55
02-May-2023 21:59:27,03-May-2023 01:30:58
16-Dec-2023 03:12:49,16-Dec-2023 07:45:51
14-Jul-2023 20:47:15,15-Jul-2023 01:45:05
26-Jul-2023 06:09:56,26-Jul-2023 10:06:03
12-Feb-2023 04:10:38,12-Feb-2023 07:23:23
05-Jul-2023 05:53:20,05-Jul-2023 10:14:01
24-Oct-2023 15:36:22,24-Oct-2023 18:45:23
19-Aug-2023 03:31:13,19-Aug-2023 06:52:08
17-Feb-2023 08:29:07,17-Feb-2023 11:30:39
14-Jul-2023 02:24:32,14-Jul-2023 07:27:12
13-Dec-2023 04:39:33,13-Dec-2023 07:22:06
29-Jan-2023 09:21:21,29-Jan-2023 13:38:12
08-Jun-2023 23:17:09,09-Jun-2023 04:11:02
12-Oct-2023 12:35:32,12-Oct-2023 17:13:30
01-Mar-2023 13:33:30,01-Mar-2023 18:11:25
10-Sep-2023 04:37:44,10-Sep-2023 09:22:51
08-Jun-2023 05:22:07,08-Jun-2023 08:10:30
26-Oct-2023 10:40:36,26-Oct-2023 14:18:54
21-Jul-2023 19:20:19,21-Jul-2023 23:47:43
14-Oct-2023 21:14:35,15-Oct-2023 00:50:52
08-Apr-2023 12:21:27,08-Apr-2023 17:31:30
12-Jul-2023 15:48:45,12-Jul-2023 18:38:25
25-Aug-2023 07:31:19,25-Aug-2023 11:21:21
07-Mar-2023 20:40:32,08-Mar-2023 01:47:05
14-Mar-2023 02:33:53,14-Mar-2023 07:56:59
26-Feb-2023 15:43:46,26-Feb-2023 19:21:06
25-Dec-2023 20:27:17,26-Dec-2023 01:37:55
02-Apr-2023 04:56:05,02-Apr-2023 07:46:58
16-May-2023 15:14:59,16-May-2023 18:51:18
24-Jun-2023 11:20:05,24-Jun-2023 15:19:08
21-Apr-2023 19:23:47,21-Apr-2023 23:21:47
16-Sep-2023 23:00:52,17-Sep-2023 02:44:52
21-Jun-2023 09:35:07,21-Jun-2023 12:13:42
17-Aug-2023 02:52:05,17-Aug-2023 06:43:05
17-Mar-2023 19:31:38,18-Mar-2023 01:17:51
23-May-2023 13:05:25,23-May-2023 18:14:45
04-Mar-2023 06:29:52,04-Mar-2023 10:46:55
31-Jul-2023 07:32:27,31-Jul-2023 12:41:25
11-Apr-2023 17:48:44,11-Apr-2023 21:46:46
03-Feb-2023 12:06:02,03-Feb-2023 16:30:39
05-Apr-2023 20:55:06,06-Apr-2023 02:42:51
01-Nov-2023 17:46:01,01-Nov-2023 22:40:14
02-Oct-2023 01:51:59,02-Oct-2023 05:52:16
13-May-2023 16:31:06,13-May-2023 21:01:37
07-Aug-2023 06:29:12,07-Aug-2023 09:21:17
05-May-2023 18:06:40,05-May-2023 23:33:49
08-Jun-2023 21:05:14,09-Jun-2023 00:04:53
04-Apr-2023 23:49:00,05-Apr-2023 02:59:56
07-Jun-2023 06:35:30,07-Jun-2023 11:08:26
13-Jan-2023 22:51:42,14-Jan-2023 02:57:33
29-Jan-2023 15:46:21,29-Jan-2023 19:45:30
04-May-2023 13:29:29,04-May-2023 16:16:26
17-Mar-2023 20:55:09,17-Mar-2023 23:38:57
28-Sep-2023 12:38:52,28-Sep-2023 18:08:11
01-Jul-2023 08:23:38,01-Jul-2023 12:10:09
25-Jan-2023 22:32:11,26-Jan-2023 01:03:08
23-May-2023 00:25:49,23-May-2023 04:26:08
05-Apr-2023 05:13:42,05-Apr-2023 10:33:05
02-Oct-2023 21:12:40,03-Oct-2023 02:33:07
16-Nov-2023 23:11:43,17-Nov-2023 03:19:50
13-Nov-2023 05:30:22,13-Nov-2023 09:34:56
19-Mar-2023 08:20:50,19-Mar-2023 11:34:41
12-Jun-2023 03:41:06,12-Jun-2023 09:23:09
09-Jan-2023 03:48:49,09-Jan-2023 06:44:20
10-Oct-2023 15:56:24,10-Oct-2023 18:47:00
26-May-2023 20:37:56,27-May-2023 00:06:26
15-Aug-2023 21:24:12,16-Aug-2023 02:47:54
21-Dec-2023 08:57:14,21-Dec-2023 12:19:47
18-May-2023 23:07:45,19-May-2023 03:35:13
11-Sep-2023 15:36:48,11-Sep-2023 18:57:13
14-Jun-2023 15:22:25,14-Jun-2023 20:52:59
11-Jun-2023 10:16:57,11-Jun-2023 14:45:15
30-Mar-2023 17:28:27,30-Mar-2023 20:27:14
03-Mar-2023 01:19:51,03-Mar-2023 06:51:43
23-Aug-2023 13:38:23,23-Aug-2023 16:25:59
05-Jan-2023 14:43:50,05-Jan-2023 17:38:50
04-Jan-2023 22:56:08,05-Jan-2023 03:31:20
31-May-2023 12:29:43,31-May-2023 15:49:14
28-Apr-2023 17:51:10,28-Apr-2023 20:19:11
06-May-2023 10:33:24,06-May-2023 15:51:38
30-Mar-2023 21:08:33,31-Mar-2023 00:36:49
30-May-2023 04:28:48,30-May-2023 09:58:20
18-Jan-2023 12:13:00,18-Jan-2023 16:11:36
12-Dec-2023 03:25:20,12-Dec-2023 06:57:44
14-Jan-2023 11:58:53,14-Jan-2023 17:45:08
14-Jul-2023 08:50:51,14-Jul-2023 14:01:12
10-Jul-2023 15:15:29,10-Jul-2023 18:41:06
01-Feb-2023 13:09:35,01-Feb-2023 18:32:31
26-Mar-2023 08:28:53,26-Mar-2023 11:58:54
20-May-2023 14:08:12,20-May-2023 19:48:05
04-Jun-2023 14:20:55,04-Jun-2023 19:54:29
09-Oct-2023 14:19:27,09-Oct-2023 18:25:41
07-Nov-2023 11:31:12,07-Nov-2023 15:36:32
11-Dec-2023 06:02:55,11-Dec-2023 11:49:21
13-Feb-2023 00:53:06,13-Feb-2023 04:38:52
10-Mar-2023 07:54:52,10-Mar-2023 13:32:13
09-Feb-2023 17:17:50,09-Feb-2023 20:02:18
15-Jun-2023 10:14:31,15-Jun-2023 13:57:50
15-Mar-2023 14:11:10,15-Mar-2023 19:04:44
14-Apr-2023 03:05:11,14-Apr-2023 08:01:55
04-May-2023 19:37:12,04-May-2023 22:38:14
11-Aug-2023 04:14:31,11-Aug-2023 07:53:38
28-Aug-2023 00:41:01,28-Aug-2023 05:20:37
23-Dec-2023 14:26:17,23-Dec-2023 18:59:06
04-Jun-2023 05:31:27,04-Jun-2023 10:23:51
01-Nov-2023 01:43:54,01-Nov-2023 06:25:46
10-Mar-2023 23:12:40,11-Mar-2023 01:47:20
23-May-2023 09:49:01,23-May-2023 13:15:35
24-Jul-2023 14:34:05,24-Jul-2023 18:38:31
15-Dec-2023 06:56:55,15-Dec-2023 10:32:24
17-Jan-2023 02:17:25,17-Jan-2023 04:58:41
24-Jan-2023 11:46:07,24-Jan-2023 15:20:02
27-Nov-2023 15:13:16,27-Nov-2023 18:04:01
10-Sep-2023 14:30:20,10-Sep-2023 17:25:11
07-Nov-2023 23:04:38,08-Nov-2023 02:46:41
09-Oct-2023 03:24:12,09-Oct-2023 08:23:27
15-Dec-2023 17:30:56,15-Dec-2023 22:51:35
20-May-2023 06:50:29,20-May-2023 12:09:32
03-Jun-2023 06:28:45,03-Jun-2023 09:21:38
05-Apr-2023 22:24:22,06-Apr-2023 03:44:45
01-Jul-2023 02:02:44,01-Jul-2023 06:28:47
04-Jan-2023 11:37:15,04-Jan-2023 16:02:29
16-Nov-2023 20:55:24,17-Nov-2023 02:26:50
01-May-2023 02:05:15,01-May-2023 04:42:33
12-Mar-2023 14:52:19,12-Mar-2023 19:40:40
13-Apr-2023 16:23:19,13-Apr-2023 20:29:55
12-Dec-2023 19:49:41,12-Dec-2023 23:29:35
22-Aug-2023 11:09:10,22-Aug-2023 16:56:48
12-Apr-2023 14:09:01,12-Apr-2023 19:47:56
22-Apr-2023 19:57:26,23-Apr-2023 00:07:08
11-Jun-2023 04:36:40,11-Jun-2023 09:18:04
21-Nov-2023 13:02:12,21-Nov-2023 15:28:35
29-Apr-2023 10:08:43,29-Apr-2023 14:14:18
17-May-2023 07:59:47,17-May-2023 12:13:06
10-Oct-2023 06:35:52,10-Oct-2023 10:03:39
28-Aug-2023 07:17:48,28-Aug-2023 12:37:30
03-Jan-2023 04:30:34,03-Jan-2023 07:09:57
01-Feb-2023 21:01:25,02-Feb-2023 01:15:23
01-Apr-2023 21:50:42,02-Apr-2023 00:17:58
06-Apr-2023 05:27:13,06-Apr-2023 10:06:57
10-Feb-2023 22:27:36,11-Feb-2023 02:42:27
30-Jun-2023 02:25:51,30-Jun-2023 06:21:51
21-Jun-2023 12:39:01,21-Jun-2023 17:43:25
15-Jul-2023 03:32:06,15-Jul-2023 06:30:33
07-Dec-2023 01:37:51,07-Dec-2023 04:35:05
23-Jan-2023 14:25:44,23-Jan-2023 19:35:49
31-Jan-2023 16:30:57,31-Jan-2023 22:14:29
19-Oct-2023 22:04:35,20-Oct-2023 01:28:11
05-Jul-2023 09:28:40,05-Jul-2023 14:07:27
22-May-2023 21:14:04,23-May-2023 02:23:02
13-Feb-2023 05:06:58,13-Feb-2023 10:18:37
27-Aug-2023 12:11:55,27-Aug-2023 15:39:34
05-Apr-2023 23:11:22,06-Apr-2023 01:52:21
09-Jul-2023 10:37:25,09-Jul-2023 15:08:11
13-Jan-2023 09:31:11,13-Jan-2023 12:24:42
17-Dec-2023 09:45:49,17-Dec-2023 14:55:15
06-Dec-2023 08:54:59,06-Dec-2023 14:38:31
10-Jul-2023 06:46:26,10-Jul-2023 12:14:19
17-Aug-2023 09:21:50,17-Aug-2023 12:24:46
04-Nov-2023 18:59:50,05-Nov-2023 00:32:05
15-Nov-2023 15:52:33,15-Nov-2023 18:46:09
20-Jan-2023 17:14:48,20-Jan-2023 19:49:34
26-Jan-2023 22:36:37,27-Jan-2023 03:18:32
13-Mar-2023 03:03:32,13-Mar-2023 05:55:20
17-Jul-2023 03:45:26,17-Jul-2023 06:55:44
18-Jul-2023 20:25:01,19-Jul-2023 01:04:06
06-Apr-2023 07:42:15,06-Apr-2023 11:13:24
18-Mar-2023 05:06:25,18-Mar-2023 09:13:56
25-Sep-2023 23:26:43,26-Sep-2023 03:40:41
28-May-2023 19:39:57,28-May-2023 23:38:42
07-Jul-2023 15:19:10,07-Jul-2023 19:29:57
16-Sep-2023 15:37:09,16-Sep-2023 19:58:44
27-Dec-2023 21:29:02,28-Dec-2023 01:12:38
26-Feb-2023 18:25:12,26-Feb-2023 23:44:07
22-Jun-2023 16:15:10,22-Jun-2023 19:53:01
24-Jun-2023 10:59:52,24-Jun-2023 16:19:19
04-Jun-2023 07:19:02,04-Jun-2023 11:09:54
27-Jun-2023 09:24:30,27-Jun-2023 12:37:03
28-Dec-2023 22:01:36,29-Dec-2023 02:53:43
30-Jan-2023 14:46:19,30-Jan-2023 17:31:12
06-Jan-2023 00:37:09,06-Jan-2023 03:34:07
26-Dec-2023 02:24:07,26-Dec-2023 07:52:57
12-Dec-2023 20:46:38,13-Dec-2023 01:08:32
13-Oct-2023 11:29:01,13-Oct-2023 16:12:52
28-Jan-2023 00:43:13,28-Jan-2023 03:25:02
02-Jun-2023 00:03:45,02-Jun-2023 03:40:52
11-May-2023 18:17:41,11-May-2023 21:55:04
26-Dec-2023 03:47:18,26-Dec-2023 06:36:32
08-Dec-2023 19:29:56,08-Dec-2023 23:35:25
06-Jan-2023 14:50:33,06-Jan-2023 18:44:05
22-Jun-2023 06:24:41,22-Jun-2023 09:37:37
23-Nov-2023 22:20:20,24-Nov-2023 01:26:36
22-Feb-2023 07:03:33,22-Feb-2023 10:21:30
31-Mar-2023 10:39:22,31-Mar-2023 13:24:21
17-Feb-2023 20:29:07,17-Feb-2023 23:49:35
13-Sep-2023 22:06:22,14-Sep-2023 01:12:03
01-May-2023 03:17:26,01-May-2023 07:07:47
07-Feb-2023 15:58:01,07-Feb-2023 18:27:38
22-Mar-2023 13:25:20,22-Mar-2023 16:30:07
06-Nov-2023 11:04:09,06-Nov-2023 14:23:46
14-Oct-2023 20:59:20,15-Oct-2023 01:25:50
09-Mar-2023 14:01:16,09-Mar-2023 16:50:48
24-May-2023 17:21:57,24-May-2023 20:19:01
05-Apr-2023 12:08:09,05-Apr-2023 15:59:11
06-Aug-2023 22:50:17,07-Aug-2023 01:25:11
01-Sep-2023 02:04:14,01-Sep-2023 06:06:44
28-Jan-2023 19:46:49,29-Jan-2023 01:24:56
23-May-2023 22:28:07,24-May-2023 03:54:13
26-Mar-2023 06:55:35,26-Mar-2023 12:25:38
11-Dec-2023 09:44:25,11-Dec-2023 12:53:52
11-May-2023 19:51:27,12-May-2023 00:23:46
16-Apr-2023 19:46:33,16-Apr-2023 22:15:34
04-Feb-2023 22:10:14,05-Feb-2023 03:14:36
23-Aug-2023 18:13:17,23-Aug-2023 20:41:00
30-Jun-2023 14:05:09,30-Jun-2023 19:04:54
07-Apr-2023 23:36:24,08-Apr-2023 03:09:19
24-Sep-2023 18:20:45,24-Sep-2023 21:07:53
12-Dec-2023 13:04:50,12-Dec-2023 18:34:25
18-Dec-2023 12:31:05,18-Dec-2023 17:33:05
29-Oct-2023 13:22:19,29-Oct-2023 16:13:26
11-Mar-2023 02:47:51,11-Mar-2023 08:27:43
13-Oct-2023 13:08:57,13-Oct-2023 16:43:37
17-Jun-2023 08:09:13,17-Jun-2023 12:38:06
15-Feb-2023 15:14:26,15-Feb-2023 19:36:43
20-May-2023 10:53:41,20-May-2023 16:38:52
25-Jan-2023 13:01:31,25-Jan-2023 18:46:48
28-Nov-2023 10:10:40,28-Nov-2023 14:09:28
22-Dec-2023 01:09:20,22-Dec-2023 04:51:20
12-Sep-2023 02:24:18,12-Sep-2023 04:56:44
31-Mar-2023 12:42:43,31-Mar-2023 17:33:59
03-Sep-2023 20:37:32,03-Sep-2023 23:54:25
02-Feb-2023 17:25:18,02-Feb-2023 21:13:27
19-Dec-2023 11:34:59,19-Dec-2023 16:47:48
30-Aug-2023 23:30:55,31-Aug-2023 03:51:27
11-Feb-2023 04:48:28,11-Feb-2023 09:10:51
31-Jan-2023 03:02:43,31-Jan-2023 06:30:10
14-Jan-2023 01:14:06,14-Jan-2023 04:38:36
28-Jul-2023 04:45:35,28-Jul-2023 08:06:25
02-Nov-2023 14:54:29,02-Nov-2023 19:43:48
07-Oct-2023 16:17:01,07-Oct-2023 19:31:35
30-Dec-2023 20:40:38,31-Dec-2023 00:59:45
09-Aug-2023 06:12:24,09-Aug-2023 09:44:16
14-May-2023 16:10:59,14-May-2023 19:33:11
07-Jan-2023 03:43:38,07-Jan-2023 07:03:15
27-Mar-2023 16:51:05,27-Mar-2023 20:58:35
05-Sep-2023 06:06:54,05-Sep-2023 10:27:37
06-Jun-2023 03:49:11,06-Jun-2023 06:40:39
02-Mar-2023 12:38:17,02-Mar-2023 15:14:10
17-Jul-2023 13:24:03,17-Jul-2023 18:34:19
03-Aug-2023 06:06:36,03-Aug-2023 09:13:18
23-Oct-2023 10:11:45,23-Oct-2023 15:02:59
21-Jun-2023 21:13:38,22-Jun-2023 01:58:01
01-Dec-2023 07:45:11,01-Dec-2023 10:44:17
11-Nov-2023 07:24:49,11-Nov-2023 12:41:51
09-Jul-2023 22:46:08,10-Jul-2023 02:48:18
12-Jul-2023 12:47:50,12-Jul-2023 17:37:04
05-Sep-2023 08:51:23,05-Sep-2023 12:17:24
06-Sep-2023 03:11:44,06-Sep-2023 06:23:34
10-Mar-2023 19:38:36,11-Mar-2023 01:06:55
21-Jun-2023 21:35:50,22-Jun-2023 02:07:06
13-Aug-2023 13:43:28,13-Aug-2023 16:56:23
04-Dec-2023 00:53:31,04-Dec-2023 05:20:43
02-Mar-2023 11:28:46,02-Mar-2023 14:21:54
11-Nov-2023 12:54:51,11-Nov-2023 15:31:42
10-Apr-2023 19:57:28,10-Apr-2023 23:05:05
28-Jul-2023 22:13:40,29-Jul-2023 01:26:03
15-Feb-2023 10:17:27,15-Feb-2023 14:52:53
08-Jul-2023 10:05:54,08-Jul-2023 13:16:17
30-Jan-2023 10:14:47,30-Jan-2023 14:55:57
15-May-2023 18:40:22,15-May-2023 23:19:55
03-Sep-2023 08:53:26,03-Sep-2023 12:20:43
10-Jan-2023 14:08:36,10-Jan-2023 18:29:07
